C_custId,C_username,C_password
1,exclusivespeak,abLHtUmKkwtbNd2
2,typicallygranola,dxDKhljZdYoCNXc
3,praymourning,fpxIY91HzaLSHjl
4,stupendousnosy,7eWr7Wa2ep7vVe1
5,foolishrefuse,O9nPSHHs7DB95N0
6,cuddlytype,SXUkhwMLMU9XoJY
7,majorchart,W5xwxSOQqdz4CFs
8,herselftheorize,dAnX7UNEQaG8532
9,bicyclingrely,eYKiT96DQFrW2GE
10,boccedebt,Hse3bWdgVd775VP
11,sightrebuff,I4AzM4xCKdDShW2
12,wonderlay,hPaIcUnMf71VtGK
13,porcupinediscerning,C1NJj9XH6T0WMGa
14,possibleflowery,67EwiyF8Con9bTv
15,flightunderstand,LmiuWf05axR2lAG
16,dreampeel,0ibn6JmU3qFi1kM
17,ajarpigeon,tBKyKrXpDwyr1BS
18,secondhandfaithful,4woObyCwppplyyB
19,darknesssex,HE78zJYpFxMr8SR
20,wiryeven,Z5vjRsh8QYtt1r9
21,fourremind,4IQfwtorDcCv7X2
22,satisfiedtabernacle,YNUPGPaNRP1j0At
23,unaffectedtattered,plugLa6jP7DkUkn
24,survivalsympathize,IzE5iEdw3G6vTaS
25,bricklayerlegend,VcfMcSheDwP4ZxK
26,honoredtame,T77mIWPcNIvXFUp
27,difficultyformation,OXTFl2WwgNVnLnu
28,kissboy,4oKrTdr4880qXyl
29,sorryvirtually,OUU2uL1uLfGvwDr
30,offensivepaint,qFc37RcSFe93eXf
31,broadeastern,x6XEF4CAcHPf6HI
32,guidestrip,YODQDjrF5mrT2fk
33,buffalofell,27W6FJ3J3krMH7I
34,jayboxer,D5R9Hw9lp3XXzcW
35,screechingvisual,A50c4YkkDWkJGAj
36,namecomplex,rC7yEEKeqrItqvC
37,aspiringtrouble,DCgKe4h3MAST8so
38,lotsstruggle,eowoYE09qQ1Ikzj
39,hopneck,vmLFfcrBmXVyPNz
40,melodicmechanism,ba5d7bJXLGpjnE0
41,fondpayment,7cccOaO14q6dUbO
42,climbfaith,1PQSw6G1e9S2irU
43,emptysevere,TtBCbOKH5PegPz3
44,acidLIST,ITnuCk9yFAlVZkW
45,sawsecretive,0Oifdxp0RLzx6Bv
46,profusehidden,kWqkEj2OKqdzWMS
47,kidunlock,hBEXG436B995ykX
48,educatorskin,zfcTrDi180CiUBw
49,chicdrafty,33MDobgQQQEHTe9
50,legaleven,SPE9EP8fNQdlq5f